Actual,Linear_Predicted,SVM_Predicted,KNN_Predicted,MLP_Predicted,RandomForest_Predicted,DecisionTree_Predicted,XGBoost_Predicted
28.599,34.320205615235224,39.45333884049467,28.6,32.713936250444874,29.712451991596613,28.6,28.775679
52.2,38.15598973209412,43.80366500054708,52.115111915776225,44.67754224057857,46.89187808586572,52.2,50.70377
42.64,35.07059346475146,36.618210723765216,42.396033238640406,38.25086192257682,36.697203234622954,36.81015789473686,40.21053
30.44,28.526731428260316,30.11056826422258,28.23966867187959,27.609908378995343,28.330130832770024,31.173250000000003,32.81278
31.874,31.5898998500467,31.804510474190696,31.87,28.63523970784471,30.748882093355615,31.414,31.811447
20.594,15.354317464154455,20.490227909270708,20.59,20.625065644923055,20.522916950635807,22.6620625,20.565676
64.9,67.02429351388349,64.7998327965545,64.9,67.90857517104193,64.67531831369662,66.67142857142856,65.47339
63.14,43.50179490621319,57.43433428804743,63.07534761842795,59.53647211321001,53.95548603829427,52.17257142857143,60.03919
46.243,38.19104511143888,41.71908922242343,46.24,43.89603771167811,39.731336696542805,36.81015789473686,46.035213
40.231,32.54984318060769,35.84313392428165,44.28248351852668,39.524262073185106,34.03210456751499,45.707499999999996,33.265034
20.87,25.897567751875176,20.969707561980584,20.87,21.201906488958766,20.314766548761725,20.108333333333334,20.600462
42.03,42.5314775089168,49.75060108653723,42.12726100615941,47.13629549924921,44.145382794779195,41.07373333333333,42.177338
30.28,21.197596196697432,30.376244492097456,30.276,29.201773392926867,28.10017748036757,30.276,30.336315
12.05,10.083653483998681,10.321710027658156,10.425840274837048,10.432158695981283,10.39438753111363,10.2795,10.993469
32.84,37.86586195598251,29.084913295787146,27.676638634297003,29.632031781933158,35.5105438876687,35.59,34.411983
53.39,56.95743620716177,50.64485254530126,53.386,51.77553654812697,53.41439303071222,51.46325,51.8092
53.46,42.68945203658784,49.17511913193546,53.39218944847934,50.37650384944984,52.022124089801174,51.20044444444446,52.281788
32.07,36.32930645122014,31.967925679275186,32.068,31.512830521431585,31.250529709109532,31.823750000000004,31.78901
48.987,43.37236551476762,51.27290819837549,49.103719113297686,50.50722902853795,50.45464298210385,51.20044444444446,48.166595
10.39,11.982914606810393,12.876018168443387,10.394,13.720061528661944,11.572119111111109,10.394,12.408891
38.5,33.84399400936496,34.77406764448605,38.044716670669885,34.421252652460325,32.9804549035192,31.812699999999996,37.03931
37.68,44.53391759281017,37.762997463951955,37.87085462284495,41.32688673178434,39.49892789666254,40.64588235294117,40.337887
9.73,13.806690106257168,10.898319640998771,9.731,12.649316702096812,12.950999394711532,12.369375000000002,10.798101
50.773,38.91894134414707,47.10844820588913,50.011366706794945,49.20764128728123,49.14492921915352,50.77,50.79916
20.726,15.76575068294888,20.651829219656697,20.793862945751915,18.03101915782004,18.337263890552997,20.73,19.291824
13.2,19.05969765831584,13.301886328528134,13.202,12.581306409202716,13.2115576749223,13.199666666666667,13.194766
47.133,38.92710677722619,46.95375728459073,47.740128440883545,48.81584075239244,47.73033813582018,45.315,45.697636
24.85,29.691626403022504,25.514805099243475,24.822366214974544,24.715708699349634,25.0108357816314,22.649714285714282,23.651009
19.77,25.128546789468857,19.458710017105034,19.765,18.793501020369835,19.87041768650795,20.108333333333334,18.940989
43.377,42.552889166583256,43.413791539201924,43.38,43.515652186041784,42.01943929748654,41.34033333333334,42.33618
18.285,25.70243163765216,18.452027831875867,18.28,19.980915893583813,21.00911668746572,17.929000000000002,18.946234
38.604,22.99999738413462,37.03988863177554,36.006585507371135,34.3889742073463,33.97522902380952,35.078,34.39184
48.4,44.03913313797494,49.885115740831665,48.401,49.22248043494765,48.765693633155166,48.401,47.212807
19.52,12.867676161219709,16.77592886162754,19.31905072558331,16.910193555996397,17.17154371792077,17.73775,18.705765
26.31,24.95844519459685,25.500336010318325,26.2882358266642,27.11288108035548,26.467720413672655,25.80936363636363,25.816967
12.46,18.288032610429195,12.523986047964744,12.650843932877988,11.56382888241024,12.020022407647907,12.4595,11.429176
52.908,39.669181896390675,49.99624037345673,52.91,51.015419974002576,51.288327897815414,48.3231875,50.468346
30.85,36.154213912298296,38.391350165646465,30.971975519674594,38.86174919296534,31.009159381361044,31.812699999999996,32.193394
26.772,26.442658131941,26.746451306198168,26.71906392394725,25.50451229209548,25.927667439466,21.913599999999995,26.308334
27.627,34.58456040802667,24.76242790145177,28.7075,26.128721831529482,28.408113333333336,28.7075,28.593206
40.858,40.226079846658436,37.080121745832884,40.62599499696182,36.477505046213615,36.80848577501044,36.19649999999999,36.145645
12.838,13.911720006405194,12.94024340660895,12.84,12.296695344581263,14.674401069868843,12.84,13.389253
38.6,22.99999738413462,37.03988863177554,36.006585507371135,34.3889742073463,33.97522902380952,35.078,34.39184
31.64,31.70992262772935,32.78925936120682,31.59981208327637,30.780673382374506,27.758888721965878,25.80936363636363,30.964867
42.637,35.079169964564755,36.738794454341935,42.64,38.31632014692234,36.647514839561225,36.81015789473686,40.21053
25.45,26.325444387763504,25.74779334630114,25.448,26.731748702983403,26.393476931304814,24.769545454545458,25.308321
33.73,33.1987409576658,33.62196076984305,33.62394033896288,33.165987437986004,30.655851325554867,31.812699999999996,33.8069
27.338,32.31745991410308,30.309905461972377,27.34,30.64626915914485,30.237593793632144,31.173250000000003,29.215729
6.28,-1.962192135021347,5.153469676965482,6.28,5.703420713187102,5.510700642857136,6.28,6.0254083
28.022,29.289445329556926,29.93360866666785,28.02,28.491688802890682,28.386779660172753,31.173250000000003,28.956339
47.714,44.99009194317688,47.80998391809545,47.71,49.590125769369735,44.66687008861063,48.3231875,47.883114
52.2,55.29531062307922,53.29567679775124,52.2,55.52350741971351,56.307427841579035,55.26275,52.57579
31.967,31.28087458721084,32.07222455321363,31.97,31.532402004609594,31.20164213960969,31.923333333333332,33.87226
33.398,44.018127089384166,35.04821031233077,33.4,36.95796723113286,35.98805826501762,33.4,33.479362
22.75,33.71621088684928,26.158212751626362,23.154042548404885,29.2921247127699,24.606862475490207,22.753,23.830904
40.87,41.938979895354706,40.86097890059058,40.869,42.49219511315239,41.20658736888841,41.96128571428572,40.460648
43.54,42.982654193494106,39.548951216476354,51.22325520685034,44.35166755575263,45.43417445432498,44.08,43.339848
21.859,32.32993314676036,20.957387781074193,21.86,21.53411589270802,22.666416510822504,21.86,22.023607
37.232,42.3887914950587,39.0273582214632,37.23,37.316164551487084,39.39638797027603,40.04446153846155,37.835266
4.904,2.8825795735762085,4.799922246862415,4.9,5.84979039622984,6.045984130632948,4.9,5.0694785
52.446,45.957101036596804,51.71940371693178,52.45,50.47581019003319,51.7168730144408,52.433166666666665,52.382298
57.03,57.017118661858156,51.12016063672666,47.72,52.24309506300779,51.011964994662264,51.46325,50.141182
29.751,26.816815371585662,29.63697314008757,29.860047562116492,27.860999033566813,30.107802458649722,30.528666666666666,28.931726
36.99,33.132435143469614,37.04070332586609,44.67494373950478,36.88244242598294,38.3968856202603,43.24025,39.79972
17.95,23.458760889418702,17.774878420765944,17.954,19.99767926257722,17.693166315329588,18.006333333333334,17.929455
46.93,37.10212082971448,47.032228029310225,50.311,50.47490188058219,50.077074761665884,50.1515,50.251457
34.736,38.951200329774196,40.00416972984224,34.887588744693936,40.74258850908703,37.266549065593416,36.81015789473686,36.38408
34.4,37.756524145908124,30.966192255739102,34.398,30.385998898809145,33.98722174469977,34.398,34.591324
30.44,28.526731428260316,30.11056826422258,28.23966867187959,27.609908378995343,28.330130832770024,31.173250000000003,32.81278
36.804,37.69094957933105,36.91394771630206,36.99149041099782,42.252738702224356,38.85193816550296,37.61433333333333,36.83567
33.043,45.77628923268833,34.18801709864782,34.04034210038338,35.412992182402256,45.0879420568419,38.7,47.18482
34.18,35.301103384323724,31.281832715754035,33.86473292417134,32.590552442098044,33.911555313122896,32.811816326530604,32.4936
44.299,39.97005170587041,44.018737981119074,44.25392250535521,42.09641061172208,42.80558877648696,42.88925,44.447014
34.77,33.592714115208295,29.120553715631992,34.66447943417694,30.161985046449463,31.853831066510274,35.363,35.1249
37.26,39.46720375671114,37.489075122722795,37.78265192260291,38.78085996446584,38.51522051918498,37.61433333333333,42.365417
14.941,15.722747254577921,17.142607207611498,15.097353037285849,15.890982630345993,16.022883302375188,15.548142857142858,16.11243
32.627,43.405801413404184,32.114790997987,32.87421056322803,32.55699446004355,37.59803786619977,37.812,35.74921
9.85,5.537886720628791,9.752960495083538,9.882654325416022,9.15129882779794,10.104847552611957,9.370333333333335,9.598539
37.363,33.42066671953357,36.61391230514459,37.36,36.787053487006894,36.75469108476322,37.36,37.15416
39.0,40.29476254122558,39.39686439781911,38.97194291899574,39.10803311470692,39.883083544330695,39.005,40.512554
49.773,40.95863260822793,39.99119483083297,49.77,42.42865557621926,47.60937497110902,49.77,49.88507
25.726,25.867448276200697,19.68871722468364,25.73,21.221404608778872,25.16217535227617,26.094785714285713,24.39815
50.08,49.05519385967783,52.48499235936556,50.46836265621298,54.895679329290736,52.20521567323106,54.179913043478265,51.56157
32.57,26.795654368600022,21.578857627319522,15.035714980732394,26.440523692336413,17.223744649812417,15.08925,18.15323
52.61,41.07155410235807,51.66257233742216,52.614,53.06267622673373,53.44698388888885,52.614,52.95826
40.23,32.562895466644974,35.91796501725462,44.57563160593394,39.67489433513159,34.870527168938885,45.707499999999996,37.474205
37.92,39.917720885363465,38.49122037056153,38.056671822028555,39.77228901287291,37.31066266661989,38.19,37.53709
29.87,31.62602158591215,29.971065990772345,29.871,31.584770668246296,29.715553665402872,29.12633333333333,29.89619
44.21,43.73232135477395,42.928609103747775,43.855605783253765,42.46396971063506,40.491068991511504,40.7658,44.158455
22.5,17.983327873333717,22.617346205589328,22.517044651571872,21.749447373734718,22.070066922385607,22.504,21.575617
52.65,47.725202477007784,54.477218955065226,44.45995651498126,50.248488580166395,58.41589403337623,62.053,55.47277
56.81,47.277561398681684,50.609028832349296,53.892635385194424,53.14590203294488,53.7810257609986,54.179913043478265,52.302467
11.363,4.668223678465765,11.260095595218274,11.36,10.707550450100712,11.794816219959808,11.638142857142858,11.776403
47.74,42.613795721141194,47.02944777006688,47.519852791067606,45.30928287225103,45.67914056574569,46.62161538461539,47.34469
29.551,30.241800435432832,32.19467406605488,29.659637111116833,32.218397413967374,32.11968679963351,29.55,30.517393
46.39,36.5360819646928,40.934726828947234,46.001266845293976,42.74232065212629,38.65231331886825,39.76784210526315,43.19195
40.27,46.76242703652886,40.17009932675359,40.219750000000005,40.88048287392598,40.58677380437582,40.219750000000005,40.13683
47.222,56.96660647100805,47.31980174964962,47.22,48.65967023920849,50.1763878293209,47.22,48.566444
40.66,46.886896205627174,39.61631208456719,40.658,37.796940208592844,40.25141603780232,40.04446153846155,40.339584
11.17,9.864213578080204,10.616083353809625,11.17,10.355849059940006,10.577482257304098,11.17,11.025883
74.195,70.42221962441958,74.08988303691469,74.19,70.44460478354529,72.99740063298992,74.19,74.2691
56.7,56.91963484621847,56.79595372691598,56.696,58.3795937933104,56.459273916340564,54.7545,56.81422
18.13,22.81954906687749,18.077705312514624,18.126,16.623351467088632,16.04999860548527,15.796947368421053,17.065142
24.046,23.8576845814202,24.149953082510674,24.05,25.450940682482965,23.92687779391441,22.6620625,23.58215
33.357,32.25697963013664,33.42538030579574,33.61403274150776,35.66895930175547,33.0428842003207,30.528666666666666,32.59541
60.29,59.2328753117752,60.31050357303287,54.5206701291327,60.22172013051545,59.28004206277893,66.26633333333332,58.659286
44.092,46.758309641932335,43.99005122149554,44.09,42.8610339115299,43.53596221953509,42.532000000000004,42.483982
49.8,44.20508950637622,48.105101923415006,49.801,45.18773511519763,47.27852621103897,49.801,50.13724
25.021,36.043850037235586,28.07176117105904,23.346,30.767746507226107,26.88805505555556,23.346,23.606804
52.43,44.06368912309571,48.245041425933834,52.426,48.00702961839959,52.03674018542213,52.433166666666665,52.080364
44.48,38.91667350898393,43.97495821226984,44.14809817677907,46.27239960284445,39.43900983698202,42.5804,42.535843
21.82,34.223375442661634,20.137757892180517,21.82,19.49475801758676,21.010255106060608,21.82,21.640368
55.02,47.50527110237975,53.29782109506491,54.89208956765637,55.12420017672838,53.622353743699115,55.02,56.279743
52.5,41.35274181676439,50.36023154771272,53.206907588546564,52.249757506187045,50.27026206023126,45.69,52.734283
41.93,48.564828223966046,42.23718346889501,42.287400000000005,43.001970585714325,42.188132373406496,42.287400000000005,42.38104
13.224,10.237628733034818,13.94397963684677,13.22,14.856625632297183,15.264738743226317,14.72475,14.349646
36.301,41.91835400273475,33.07508108726397,36.28563953878345,32.812383029858374,37.749126232960705,36.3,36.036507
32.398,35.72699147414328,32.29956542152762,32.4,32.24622341316115,33.91283078149554,32.811816326530604,32.69077
33.73,31.33651941824919,33.714644353902465,33.584127414913894,33.758412500293154,34.65967202029332,33.075,32.355785
39.61,40.82294192866518,39.522612033896166,39.662547456140395,38.933043661060076,38.40236251221217,36.19649999999999,39.58869
44.278,43.10042554494275,43.868162230487094,44.28,44.505671670817144,43.954111924002426,44.28133333333333,44.2979
36.32,32.410360149900455,37.238675172370485,31.424549756792416,38.73454780887879,31.659299987657732,33.78,36.60139
9.866,8.957763129203723,12.449922126538105,9.87,12.454527401598025,12.0202001198,11.638142857142858,10.911243
37.259,39.46720375671114,37.489075122722795,37.78265192260291,38.78085996446584,38.51522051918498,37.61433333333333,42.365417
25.48,20.45745233072114,17.191903843475387,21.46289638390271,18.58775818442844,20.734627835784572,21.54,16.161814
32.04,38.639285929484934,32.395036205913925,31.027871690843366,34.20574062112342,34.79394792838128,29.732,31.089344
42.22,34.599440334048104,40.961131596179456,42.17929207724209,44.11270422818408,40.04984914802964,42.217,36.60273
32.11,34.26744112496453,29.394914729012346,32.21823336280799,32.13445603217952,31.570542202380967,32.04366666666667,31.609148
22.44,28.379162471673673,23.313290000376426,22.436,21.98046851391592,23.44444081354168,22.649714285714282,22.4508
36.44,24.887607957560576,26.29422001399378,36.439,29.767130106858385,33.510607820758096,35.83383333333333,36.300003
43.377,41.98377670336312,43.60622327953896,43.38,43.497784687542406,43.31199564931917,43.210499999999996,44.101288
7.398,11.261488646353268,12.109916180607243,9.229207611499676,8.495233507965711,13.724504976825193,7.10925,12.516838
44.28,38.58677556715703,41.93518339646814,44.093603455120636,41.06340978526543,41.763142681978394,42.88925,45.481625
39.44,53.56924027963382,39.58374914175921,39.435,43.39995059303525,39.77335672718734,39.435,39.613903
39.699,51.88415143071876,39.799987017764934,39.7,41.06551429850813,39.093393555636666,39.7,39.663097
19.765,29.510363468690517,18.88978812820501,18.891870119167727,20.403669898481375,20.958996538939022,24.769545454545458,21.1145
66.781,61.37199234206705,68.2412688192885,68.751,65.91666009575638,67.4707642811638,68.09366666666666,67.95394
31.77,37.25452759535174,38.0740124873351,31.795413428954987,33.373208490185846,36.43937966592876,36.81015789473686,37.281574
38.8,43.32854002227309,39.668961561788635,38.804,38.958083377013885,41.65099911688465,41.34033333333334,39.265984
6.809,7.86471577152162,8.031512705439226,6.81,10.426430011406516,9.699073404994401,6.81,7.6086597
71.99,61.38820047373996,71.88813410628441,71.988,73.59464765460676,68.20525587834032,62.1804,71.980934
60.28,54.95584723640319,55.75147272579826,60.281,55.610016604726304,56.810727704669056,54.7545,59.957245
29.93,25.986101165023904,24.719570862402094,28.945016214583674,24.1627589031864,27.085671924933646,21.913599999999995,25.627773
39.3,43.57259895915162,38.71722968121494,38.018,40.30256046289347,42.24379725888003,38.018,38.96397
61.094,58.73162915375212,66.88769067813126,61.09,65.10735146357125,63.82591866669609,65.95953333333334,61.799736
27.041,24.459432258162522,25.508543442680413,27.04,24.862658346894,26.075063568422006,24.915750000000003,26.43023
21.16,20.644941430015635,19.45280773989625,21.059998393754228,19.6977213827163,21.765633800175323,21.179,20.976692
25.42,40.12288419370585,22.260845869012027,25.276128959450556,24.32049086932151,23.76800493939394,21.9185,27.172878
44.133,46.90916829596215,42.90648605481093,44.13,42.859349774299005,43.70242494427625,42.532000000000004,43.825203
50.732,50.94805041448462,49.89088321093955,50.73,51.54707371306403,51.02940156097674,51.20044444444446,50.724136
23.08,14.59096749151757,19.3204998175659,22.864451033706704,21.381078156585367,20.372085034524407,23.077,21.05978
39.05,35.84470657243306,38.83913034741498,35.745999999999995,36.34554862657236,35.17549085019275,36.81015789473686,36.46513
13.334,10.670831348093706,13.38578832750822,13.333922682826948,14.567222636180983,13.531342812658783,14.478800000000001,13.100154
19.99,23.12228575045661,19.925640959821237,19.988,20.865047484486837,22.99948901957289,22.6620625,19.903786
10.032,8.337021633964937,10.745115814600815,10.196976022279209,12.551626514682122,11.512427284629114,9.002333333333333,11.114454
31.35,37.02361867743861,39.14623933450671,31.35,39.32321134059037,33.86084874493919,36.81015789473686,34.288185
41.543,46.15088089345604,42.15327824630111,41.54,41.4165039545556,41.94741454694827,41.54,41.47943
69.84,53.48488777276796,56.25291403189547,69.837,64.02164098028133,66.91772732267162,62.1804,69.89235
11.96,18.28972721087571,11.25611269029104,11.958,10.024267985355987,12.634510590403863,11.958,10.229544
37.722,44.85224911170111,37.61967971007572,37.72,38.25787102093132,39.509745471014476,37.72,37.5805
47.28,47.20355177087724,52.47941124227096,44.85155721132116,43.40232864951982,53.78585092518872,55.48857142857143,47.60743
33.398,38.25777030393121,33.49988699291712,33.4,34.077369844282806,34.31773539529918,33.4,33.90581
30.97,31.334523755225973,33.95355633364298,29.961483412685563,37.323101650781986,30.012439009762844,27.09,28.86773
33.49,44.235219388010904,35.719682990521065,33.41737784209358,36.417815969745554,35.7587540779221,33.489,34.52377
37.425,38.30879327105861,37.720469762704944,37.42,37.76814211507353,36.09436546439377,36.81015789473686,37.08133
41.542,38.36698188408622,39.30897082147846,41.54,39.350432379593414,38.7678150960259,39.76784210526315,40.722824
42.55,38.08901027393165,42.44450816907193,42.546873804389286,39.917755539392466,42.99291163303805,41.07373333333333,41.83796
49.9,53.77558251292179,62.627596860481916,49.897,59.28091379404915,57.436761746667386,55.26275,53.53016
37.404,31.6459363559377,33.16419235481649,27.930671859895796,33.21149931190044,27.378072165858892,25.80936363636363,31.198948
55.65,53.54151135654375,55.54794412825005,55.648,49.54142024604276,57.213316961782205,55.48857142857143,55.416473
26.745,39.69115909047814,26.83964844382985,26.74,28.442663978642063,28.45602797619044,26.74,27.557035
24.07,24.91573424878431,23.96521818476959,24.065,24.88331791653905,24.00175675232289,24.769545454545458,24.143202
16.5,24.233548375595383,16.603918931444277,16.504,21.087816045716043,19.060163684720983,18.3278,16.655573
24.0,24.862437185130652,24.164277545444786,24.001,25.398619580497595,23.77386391898955,24.769545454545458,24.746918
55.06,41.02352048722971,54.11976030160533,54.318000000000005,53.476995131700875,54.152954574977564,54.179913043478265,54.23792
17.54,19.849336587245375,17.97483688431128,17.54,18.10704069084902,16.709882119275242,18.910666666666668,18.332628
25.18,29.679369650780856,25.248509819500867,25.18,24.221092952040287,25.16087551742042,26.341124999999998,25.511887
19.42,15.560976956848805,16.71089523979726,19.188412785898944,15.80675690466435,17.20696806208185,19.416,19.331463
41.81,47.27547764987972,41.80568415292498,42.17680998081256,42.15727283039828,40.81889168379814,41.23,40.100628
41.665,41.12146303712432,39.924911408751605,41.67089932963444,38.034727964764144,42.23799438183135,52.007,44.978626
18.26,25.291308446736707,21.26067607516802,20.774406438297554,18.217167599234614,22.563146053048637,17.929000000000002,23.476551
10.54,17.778471226278086,10.699406835478808,10.535,11.704876547241717,10.45059889177489,10.536999999999999,10.6201725
22.63,31.736083296803677,22.731293550037392,22.63,24.986569647890306,27.666815016662483,26.33127272727273,24.703278
65.909,51.30061643457849,65.93489258413166,65.91,68.98831171716839,64.19397608401201,65.95953333333334,65.89599
32.63,43.405801413404184,32.114790997987,32.87421056322803,32.55699446004355,37.59803786619977,37.812,35.74921
59.302,48.992445901464905,54.04966947437811,58.70001271214199,56.65096817930165,54.96592798419507,59.3,57.794506
32.72,36.26590515280546,30.894823394532644,33.33221760879689,29.360388361978906,31.966279704048656,33.6075,32.4674
20.774,22.857303728424107,20.66979507388467,20.77,19.62021454978643,23.64510603522715,22.649714285714282,21.049013
17.84,25.80959398392868,27.524512322823057,22.80759636685159,27.31617869060321,27.276179406369938,24.915750000000003,26.97185
23.25,32.88933713348058,23.338093829565473,23.25906604691828,24.293261525468868,27.746097279386255,23.245,24.615759
61.86,63.2818534213422,61.92903716501041,61.8024632939361,59.60268356940862,61.58212377422578,61.856,61.61238
37.4,31.648422762428844,33.16404637903422,27.90762772542732,33.26874962843737,27.452053035424104,25.80936363636363,31.198948
62.05,53.74111862715355,60.385138369169724,62.173214513059946,62.65429416488002,59.86809125816037,62.053,61.523838
24.5,28.447888995777006,24.027805856018915,24.497,23.398963780560276,23.951885865646023,22.649714285714282,24.958908
37.917,36.14244607813311,38.29402579866528,37.596910235076024,38.752225701648634,37.40784823528906,39.76784210526315,38.021973
24.283,20.868442014518557,22.17238379795234,24.425000723299984,22.22766406105028,26.395353009481866,24.28,25.102095
52.04,49.86428938287206,52.169256728583676,50.4331477594993,51.71304263340332,49.45788858728561,54.179913043478265,51.707165
45.368,49.97565407156528,55.34821062555383,46.165639289829265,50.8477272219991,46.350663513509325,46.62161538461539,47.26499
46.9,49.41584018337302,46.798335236638565,46.898,47.26074193962317,47.37266590476192,46.898,46.74995
74.987,61.26338061977662,73.38038555112485,74.99,70.45413376642634,67.12643034158594,74.99,74.17197
49.17,46.56598200966276,51.678599346837224,46.25988587094242,48.78852257517878,48.182233623556556,43.01,47.72401
23.222,23.57726259151065,26.40541093726175,23.22,26.412436629829607,21.094088431346464,18.910666666666668,20.034739
31.54,35.689871304378286,29.92729945595287,31.692452301259078,29.61883246702476,32.942509925111985,32.08336363636364,29.180038
26.86,29.015365842506036,26.831571862109058,26.86,28.227075432093002,27.1230002898849,26.471555555555558,27.116108
41.89,32.09965543455855,33.611268602780925,41.526028707007384,35.56509880669025,41.25066727744535,44.7888,42.147507
35.86,39.07394321821038,38.31111822453226,35.86,37.958968786487084,39.068365218895245,37.61433333333333,35.991814
33.78,28.71653918198117,33.202587732133736,32.796947798461225,35.462197703601,32.10486998052734,37.431,32.596222
31.02,29.221209701898367,30.92364975472505,31.024,32.79784408363851,31.143570137416482,31.823750000000004,30.864304
24.242,39.11080676359546,24.35376237593786,24.34987226920295,24.265485660360234,31.615254209902727,32.77630769230769,30.265404
13.541,10.734817619885359,14.049014006088292,13.527762983467147,14.859376171318122,13.481984080202649,14.478800000000001,13.790108
33.69,51.93037730642418,38.15438716457223,33.688,42.225103171345495,37.76223428850773,38.15475,34.42996
25.422,40.12288419370585,22.260845869012027,25.276128959450556,24.32049086932151,23.76800493939394,21.9185,27.172878
45.94,38.027072942752554,42.47916378702756,45.59563436720589,43.91723692822407,42.61311135977193,45.072333333333326,44.375496
13.18,11.587790458800981,17.847951484791572,15.03566254928141,17.284651751119423,15.157314611123844,17.73775,16.267557
8.0,14.76765211708683,8.096027649551633,7.996,8.564267439584707,9.112218068211142,7.996,8.10285
52.042,49.86596478545342,52.14765821393898,50.44409697032463,51.705355216902596,49.4577685872856,54.179913043478265,51.707165
26.23,32.126097271621106,31.8407547263068,26.233,31.3705740729835,26.875180447398975,26.35655555555556,26.377396
32.53,34.06598141049592,32.43258259750363,32.533,34.88993409830581,32.02078440374821,32.778875,32.199455
39.162,36.74085569079288,39.83190952635724,39.14863934583903,39.11763188021762,37.26374719479211,39.76784210526315,38.102875
51.06,47.11958687101065,55.31931273035665,51.116721459232636,52.56880264798178,48.34241593459037,46.62161538461539,50.99154
50.655,37.10212082971448,47.032228029310225,50.311,50.47490188058219,50.077074761665884,50.1515,50.251457
33.51,33.43040858848081,31.66996258063393,33.92586400642565,30.783028899531423,34.103149778294394,33.46121428571429,33.105656
60.198,63.29689844283697,60.300326011912844,60.2,61.58226816543482,60.08598006765795,60.52918181818182,60.500156
19.93,8.032455327777111,13.51418935209798,19.774342991557262,12.828624214776756,16.736211851734687,19.933,15.871294
73.7,64.46809415876058,73.59815496829083,73.698,73.97880351745434,71.87245612362476,73.698,73.560196
22.139,20.969390925427923,20.028689445980454,22.241857768518674,19.8811023953807,23.8504768905941,22.649714285714282,20.71171
55.9,45.178431744752146,45.658072429881024,33.89766666666666,40.63226537767718,34.797277381100905,33.897666666666666,35.12777
43.499,38.196207847267644,43.01962288806256,43.43858400341096,40.46152199986215,44.108060317318056,45.315,42.507576
72.1,55.241627941197805,65.2898007984908,72.03452333412467,68.72694022929447,67.92918674035879,72.099,70.3958
23.85,35.94463032824215,23.949236871684572,23.849,25.769232901368156,31.536235998665635,36.81015789473686,24.414347
60.295,59.2328753117752,60.31050357303287,54.5206701291327,60.22172013051544,59.28004206277893,66.26633333333332,58.659286
53.958,44.52796878572184,53.864852830110664,53.93091931901421,51.46980179762936,53.2026950540821,53.96,56.596603
24.1,32.81584039072341,25.18004914371769,24.755666666666666,26.296339959249472,24.85434092857143,24.755666666666666,24.936447
64.301,65.61013890839371,64.20007291469159,64.3,63.08013703098665,64.19840192480775,64.899,64.00148
45.42,41.09642347219237,42.463454015850544,33.02455945057571,51.26886497233373,45.81917300233323,45.69,46.5869
17.6,28.2140082030148,18.33412444528437,17.597,21.97905419299136,21.802765965158247,17.929000000000002,17.382147
18.52,25.368974046332163,20.532909920518875,28.571618593856204,17.635264621850947,23.801363551681128,26.094785714285713,22.696945
23.405,17.834518501282872,19.764394925166183,23.4,20.53709449002755,19.62736426650429,15.796947368421053,21.725574
42.33,35.19194290488674,42.2269216276423,42.327,43.340386592756694,44.483699375951694,43.210499999999996,43.450603
31.72,36.06888999964101,34.032627381956466,31.939025291919755,33.40362426469191,33.407087509105246,36.67846153846154,32.17307
15.69,23.790945447806557,15.65630035996449,15.691,15.314405917116229,16.84632126313221,15.691,14.983656
49.201,45.78651922584724,46.01783017257145,49.2,43.67191676418117,47.97365566666661,49.2,48.38449
30.12,33.523294813725194,30.491467787314058,30.123,29.922212806672263,32.30012403269612,29.732,30.166061
31.42,29.82227065788456,31.319868078457066,31.42,28.782885062817684,30.844900443148457,31.414,31.445246
43.58,43.70477560645254,42.36205160035354,41.974289216546865,42.31586042415863,40.023382618943586,40.7658,42.35291
32.723,36.26590515280546,30.894823394532644,33.33221760879689,29.360388361978906,31.966279704048656,33.6075,32.4674
10.73,12.421092190272734,9.574382234866832,10.73,7.400511718432673,11.451353176436992,11.018,11.365834
63.397,65.10889275037061,70.90700389878222,63.4,69.03796388403775,64.63939651153147,63.4,64.625786
19.691,25.05582974550736,19.78979035074828,19.69,19.311362160433898,19.83716768650795,20.108333333333334,19.458328
17.959,23.42450984850779,17.859822853390444,17.96,20.114428900160547,17.693586315329597,18.006333333333334,17.929455
22.348,19.012912872822646,22.250194223041433,22.35,21.718020128391373,23.506558994349646,22.6620625,23.18579
39.27,39.16015397182415,35.648319608399596,39.0249059618235,36.07061278326618,38.146048332686675,37.297,36.772797
24.097,32.800477505077794,24.199897995233503,24.1,25.872132302329618,26.23372958764535,24.1,23.971594
71.623,66.6363849421895,71.77405034466966,73.319,72.877230775095,72.35644847368124,73.319,73.23388
36.99,33.12992117443139,37.03175486972806,44.674645539258094,36.884333425183875,38.3968856202603,43.24025,39.89847
14.4,6.833904143586157,14.29954748451567,14.40630431935478,14.85023142172722,12.702627727842737,14.008,13.734193
38.7,42.912652583153175,36.64206996003786,38.7,38.349513037126435,37.92613035424064,38.71514285714285,38.06748
16.28,14.567512336155978,16.17684634382616,16.283814123755743,14.281991999717688,16.388240274722698,14.72475,15.554618
41.94,43.11650534890074,42.694242707775366,41.941,45.04255488002918,43.41368378941518,41.941,42.516888
8.374,4.503778499949018,8.22029829169658,8.37,7.608044682517643,8.837009272997832,8.37,8.683949
21.02,18.037724369457486,21.13208990036832,20.92177347249718,20.496865121850142,21.488597818744143,21.022,22.586014
33.27,32.782890375205646,28.90960526812473,33.06287969027432,29.760409790750593,29.48236296337429,26.33127272727273,30.145893
39.605,37.58280050465811,39.31725878347,39.6,39.97027367980275,35.22201974112866,36.81015789473686,38.079967
45.299,45.91816803288627,47.302164262584235,45.3,44.408348650272586,44.85925269974644,44.9366,45.280064
24.339,28.87493219859107,29.93830776900191,24.34,30.296580970030014,27.50891684373349,25.58,24.827969
36.59,18.52102817895119,31.89571166913582,27.76897153044911,28.34924512310907,28.12683870171682,31.19333333333333,35.507515
55.51,43.798213881062054,52.96739564759602,55.361646277480254,52.89450668403794,53.47882440516075,55.51,52.808662
39.59,35.381942343776565,37.101200866585884,39.57829025766984,36.895444888913,40.813558572716,42.88925,39.092205
67.7,56.63678760750575,62.438699877502366,67.7,61.44628905134224,65.51289496054984,59.30650000000001,66.54339
23.697,28.358328841690735,25.89155661636461,23.7,25.63909402565494,26.947692329242873,23.7,23.982855
24.904,29.854702927617137,26.491221651425384,24.906816424039455,24.985857176527503,28.020863817059904,26.33127272727273,27.921179
50.511,47.81702453384865,50.61039386011565,50.51,51.00295833402821,49.32322796825403,50.51,50.89897
36.8,37.69094957933105,36.91394771630206,36.99149041099782,42.25273870222435,38.85193816550296,37.61433333333333,36.83567
54.896,61.67257421969772,54.80024645373306,54.9,56.832328703181226,56.78982176444839,54.9,54.765514
15.07,13.06663564254482,15.174407669142727,15.094035975012966,13.808542909726636,14.702948334114883,15.07,14.736448
56.4,62.86219626930099,56.68599534407754,56.399,59.60048899536605,59.020769417933096,56.399,56.694057
12.052,10.083653483998681,10.321710027658156,10.425840274837048,10.432158695981283,10.39438753111363,10.2795,10.993469
41.2,36.6997581957423,41.29438001440609,41.300603910090246,42.49200500584535,38.26130193868675,39.76784210526315,40.674328
45.085,40.22125760598347,43.52060607783986,44.67016628390539,43.178878874060395,42.471290886292245,41.07373333333333,44.610867
13.521,7.744472499503463,13.62021466003765,13.52,13.24278081322737,14.11883973032109,15.796947368421053,13.219318
42.92,42.675295586441706,45.13283964817177,42.919692569703514,43.88719052667717,44.353149775067344,46.62161538461539,43.83858
20.416,21.27098006782464,18.765111496027384,20.42,19.18059323401811,18.808088726386405,20.42,18.518799
29.79,34.58456040802667,24.76242790145177,28.7075,26.128721831529482,28.408113333333336,28.7075,28.593206
14.638,15.84308924362896,15.891730443809863,14.64,13.922947012083178,13.642290908366363,14.64,14.335917
44.87,33.64325628995948,34.15632973861937,44.868,37.18253293973441,43.531298729738566,44.864,44.066757
35.23,22.783094104537252,35.32541948448984,35.225,32.744952775738646,33.638527543872435,35.83383333333333,35.096233
12.373,27.030111279885418,13.55053915413053,12.37,14.25538040906169,14.475092034632016,12.37,12.693203
59.495,54.99472874544855,59.591696092776154,61.23212215008706,58.93741599484683,60.97192443538157,61.215,61.12559
56.847,47.209686113741306,58.38126006297508,56.81817867813526,55.50414387858318,55.72050823543984,56.85,56.1439
29.723,30.768846656483316,26.453454515318775,29.72,27.306440683548892,29.172860154524038,29.5998,29.606596
43.058,46.506463364828605,32.551479427196064,32.50961835966717,32.80568453269668,41.49868085913162,48.97,37.56657
36.35,38.38870332633018,36.19038008786473,36.349,35.96517632909211,36.18315750479026,36.34966666666667,36.56333
41.053,46.76242703652886,40.17009932675359,40.219750000000005,40.88048287392598,40.58677380437582,40.219750000000005,40.13683
31.25,35.85162551538548,31.353781106796532,31.254,30.780873596776942,32.24066228450635,32.778875,31.651289
19.77,29.510363468690517,18.88978812820501,18.891870119167727,20.403669898481375,20.958996538939022,24.769545454545458,21.1145
22.318,22.507405405229793,20.590078135166408,22.261588919768336,19.579218883199708,23.598387015385313,24.915750000000003,21.522846
22.93,28.218087583030094,22.832469652133547,22.932,24.569971894628875,28.807150004931533,32.811816326530604,23.294676
39.7,39.04811760844134,41.79614430712975,43.244152723366824,43.33597935603765,38.45033696548405,40.7658,39.55663
21.16,20.644941430015635,19.45280773989625,21.059998393754228,19.6977213827163,21.765633800175323,21.179,20.976692
24.291,20.091953077189515,25.124746270288867,24.29,24.205262004406837,23.552728048428985,22.6620625,24.935234
36.96,34.781795114101165,35.36591370603024,36.964,32.96458095708005,33.009786552968166,32.811816326530604,35.960484
52.504,41.354170570010425,50.36035390390609,53.20666768310579,52.23229174438294,50.301074560231264,45.69,53.139675
64.9,61.04424808063985,64.80006668051018,64.9,65.58662086780346,65.30955571008212,64.9,65.06194
9.562,18.99599938308719,9.660289068354423,9.56,10.077053900477761,11.786186800332716,9.56,9.877181
25.483,20.455406160493364,17.183785078964213,21.462896604913755,18.588035056873927,20.734467835784574,21.539,15.875637
25.18,28.91389179650053,27.12892042932423,25.18,27.36310995072677,25.62031915167263,26.341124999999998,25.232508
30.22,34.6209518169807,36.50468145404301,30.19853133183811,32.925436310837966,31.153539600296817,31.812699999999996,30.59416
50.66,37.10212082971448,47.032228029310225,50.311,50.47490188058219,50.077074761665884,50.1515,50.251457
41.81,38.78343935819228,41.25345582376883,37.79098794874192,39.016324452751,38.95912598582533,42.08,41.074974
32.96,32.37307015202816,33.32074249410361,32.964,32.32611866695817,32.87258126991327,32.964,32.890144
37.914,43.90342940479622,38.00986323385532,37.91,38.182705276711296,39.314160695833515,40.04446153846155,37.927605
25.21,22.61896346248804,19.543922435575,21.556893158151137,17.005127820221073,23.42038283425102,22.6620625,18.289513
59.59,64.06021635797345,61.26639990143319,58.60864489013839,58.589705321584894,60.52863519413923,61.856,58.631924
12.46,18.288032610429195,12.523986047964744,12.650843932877988,11.563828882410242,12.020022407647907,12.4595,11.429176
43.06,46.50799030271233,32.547025091261325,32.50958530024029,32.80143188955794,41.49868085913162,48.97,37.56657
13.624,9.643486668067755,11.429277797449693,13.472580469382457,11.430830573223796,11.87997953282626,14.008,13.363363
43.39,33.998666205063174,37.76059983482913,43.26126855002705,38.238363831039074,40.605481094035525,42.88925,45.11683
13.29,19.557283059380133,13.175507997158448,13.294,12.085513024951634,13.501221041512792,13.292333333333332,13.235666
13.09,20.84629576761138,13.951018040306906,13.089,11.352467671952907,14.8977949627498,13.089,12.973878
37.43,32.484466476261396,37.267690480428556,37.432,35.80346748362785,36.86012076224897,37.432,37.588493
53.77,41.94333609598007,47.11009240623444,45.38761012716121,47.94542523464232,52.07966013943671,45.58075,49.88385
34.29,35.50502078396428,33.2231758366791,34.295,33.62300949706526,35.47132850707603,34.295,34.134907
44.21,42.43737100773471,44.597697214176094,44.535333333333334,43.418502238449754,42.84572750553282,43.986999999999995,44.389805
56.14,63.39438225847666,55.350172688014325,58.16,56.21251777017563,58.17852256359237,58.16,57.164494
28.63,33.58801741005593,28.5335941483783,28.700279898431297,28.694906700740585,31.60812971336777,32.08336363636364,29.234097
32.82,21.90755645637431,32.72279311996577,32.823,31.800248171672038,31.976085531746012,32.823,33.227386
33.96,34.77918885524,38.55385767858163,34.23975498177212,37.76499920879342,37.19744123602528,36.67846153846154,35.22349
39.42,41.848739333169014,39.52076071692819,39.421,41.48561357881949,41.31187895554575,39.4145,39.378254
39.4,31.386496936979462,35.476170524346884,39.397,31.341348668906114,35.61524977213081,32.811816326530604,39.242477
67.865,51.308013552294824,66.115008338893,67.61182726923344,66.57918401880112,63.21672870319013,67.87,67.82516
19.01,25.419134001107718,19.10958373294154,19.01,20.93339312055728,20.78428487645242,19.009666666666668,18.599598
25.573,26.121009622144424,25.434118765588536,25.57,23.916274127411796,25.259844678599706,25.57,26.107628
15.34,24.33606214172547,19.288126175782704,15.341,18.335427986396034,20.533705448932015,15.341,16.029394
26.2,27.80900915143015,26.30035170243376,26.196381205408777,26.128480678837157,20.460195747162985,16.88,23.8276
28.8,33.691879476177355,28.899023528466913,28.799,30.97017868843437,29.27847518681318,28.799,29.005802
7.507,15.152208010268424,7.609991721131053,7.51,7.134323494706028,9.915172559193117,7.51,7.580204
75.548,55.041906882762845,65.94720838390745,75.11265837450273,72.48810547741425,70.60760235113612,75.548,74.82973
53.772,41.94908385476417,47.08836981303486,45.3752930196176,47.90720695330689,52.079720139436716,45.58075,49.88385
21.95,30.873318318197203,22.16563971566854,21.946,23.621734750647526,23.244499333333305,21.946,21.91405
7.676,0.27364981454688575,7.780164826669118,7.68,7.713423615076622,8.085593999999995,7.68,8.443373
35.866,39.18255010563101,38.55469859289627,35.87,38.09713826164312,38.76484972394574,37.61433333333333,35.509274
48.284,38.846462304786584,39.85672580292556,47.9117921057406,41.49063760388767,44.673327943321055,41.34033333333334,46.142643
12.548,8.718863796272373,11.060180484986212,12.510347894227152,9.045625634449502,11.60167841986007,9.610333333333331,12.267075
18.42,20.665021489121482,17.279931711997556,18.416,16.81362386453186,16.838835823032692,18.416,18.142565
6.467,-0.3100835187225073,8.820970450341079,9.823204857522986,6.198666152647332,9.394800831536864,9.309000000000001,6.650944
53.104,41.579359821218425,52.99983737429518,52.859500000000004,52.851294535450016,53.10597904587503,54.179913043478265,53.38276
42.644,35.07059346475146,36.618210723765216,42.396033238640406,38.25086192257682,36.697203234622954,36.81015789473686,40.21053
24.43,26.013646913345312,24.921033850124687,24.614192875911094,24.02277140942721,26.841916020171738,21.913599999999995,24.926731
56.813,47.27409071116136,50.62124616178886,53.88895376850701,53.141323392547484,53.7810257609986,54.179913043478265,52.486687
31.875,31.63116155910901,31.780247249360766,31.88,28.53908613398718,30.938512331450855,31.414,31.82957
39.7,39.04811760844134,41.79614430712975,43.244152723366824,43.335979356037654,38.45033696548405,40.7658,39.55663
33.302,37.64008269044,33.05158273400587,33.3,31.409148954316613,32.93342508699036,32.77630769230769,33.290924
41.84,48.06105881828378,42.91270806567748,43.05159999999999,43.13341147441097,42.54520137959476,43.05160000000001,43.037876
37.92,36.14244607813311,38.29402579866528,37.596910235076024,38.752225701648634,37.40784823528906,39.76784210526315,38.021973
36.19,34.55281008697319,37.17438033937383,38.027684598606676,36.20156687758003,33.56050889891802,38.59,33.75173
14.541,28.47992562909826,16.982255249639227,14.54,13.772667017215108,14.3013796111183,13.552272727272726,12.953143
28.468,30.576520013507977,26.670998058647054,27.945788659266103,26.321370699257198,25.751862136852818,22.649714285714282,27.57254
53.692,37.10212082971448,47.032228029310225,50.311,50.47490188058219,50.077074761665884,50.1515,50.251457
47.277,47.20355177087724,52.47941124227096,44.85155721132116,43.40232864951982,53.78585092518872,55.48857142857143,47.60743
17.244,17.347821743321745,15.95318296617572,17.24,15.845407918517415,15.932416174396938,14.974142857142857,17.050043
17.823,32.35750528087917,17.86874822669258,17.839222021344188,16.91517702233012,22.813535333333334,17.82,21.470438
29.549,35.93086210429577,29.368017198337867,29.634028363320855,27.179342171262398,29.776462650183156,29.55,29.666187
23.79,26.016372971276766,23.886988041124248,23.787,24.554389867113258,24.408661104819057,22.6620625,23.749676
15.57,25.506105537254218,15.694653209874406,15.57,15.661838080634691,15.400846365453312,15.498636363636367,15.436125
23.69,28.39219396622624,25.981069321429516,24.881175712143097,25.523973892348735,27.24190670803075,23.7,26.238762
32.72,27.09296919005763,32.714230589954745,32.72,33.464859967255066,32.00762170434021,33.2328,32.98589
7.4,11.27144954530969,12.139417912816882,9.227869767420287,8.50581989971896,13.747107976825191,7.10925,12.790674
50.949,40.36155350793402,53.60210150195091,54.0456,53.946320422674,54.12395408172244,54.179913043478265,53.924026
37.956,38.772778724422814,37.86441917166303,37.958024433376984,38.810971985266576,37.70532739473251,40.64588235294117,39.939983
39.0,44.29896941988645,40.40911280494372,40.49366666666667,40.01172001497436,40.46025613323255,40.64588235294117,40.149002
39.58,36.62550102627946,37.88016349969923,39.583,39.32403538798705,35.88370093051362,36.81015789473686,38.136852
40.39,41.54189297222033,40.51302231885537,40.182186178100444,39.478336389420726,39.36110515897709,36.67846153846154,40.767162
53.3,41.579359821218425,52.99983737429518,52.859500000000004,52.851294535450016,53.10597904587503,54.179913043478265,53.38276
29.63,37.15736370918871,32.32532764152394,29.049396666173497,26.76526282288622,34.28067893552464,29.732,34.923367
41.3,41.887091261456995,36.02191852925565,47.14946200104098,37.19147539092079,35.57832688736262,33.4,35.807663
39.38,46.45347970586885,39.47593872807561,39.376,46.929452128174105,42.79796798791011,42.532000000000004,39.881958
53.655,47.66322522113427,53.547443556943186,53.668331250730034,54.73934186027538,52.99610920900295,53.66,54.95666
41.72,41.4079200834604,44.19981316074133,43.43866666666667,44.13860062502943,42.18308072219601,43.986999999999995,43.323772
6.47,-0.3100835187225073,8.820970450341079,9.823204857522986,6.198666152647332,9.394800831536864,9.309000000000001,6.650944
55.455,54.112947427289136,50.991203189156835,54.13280016430967,51.3600731580115,50.036564455938276,47.346199999999996,50.89745
49.3,43.14989544905914,46.18811071140508,40.51224507129683,47.55087640715548,44.624644778933124,44.9366,43.90023
10.35,6.645596991261549,10.254638573067496,10.355,9.980146085908673,10.363422554452088,10.178333333333333,10.109168
47.815,44.80936696807731,46.91815626341152,47.6044574685671,46.371965066136774,46.228716875887905,46.62161538461539,47.724735
29.45,34.36540904484869,32.677252609221256,29.632366853682193,31.322366160858277,34.43830541153844,29.448,33.129967
32.85,45.49454230309427,32.73531388117489,32.927673455833386,32.28264270392015,34.60433901515149,24.24,32.365665
34.68,40.088835952973035,36.34822964886506,34.681,34.8569202203492,35.648364411126785,35.40133333333333,34.678673
57.916,56.90596711213976,56.333778181760536,57.84094166906767,57.73303357758484,57.56925381036752,55.48857142857143,57.555256
33.04,45.77628923268833,34.18801709864782,34.04034210038338,35.412992182402256,45.0879420568419,38.7,47.18482
23.524,27.252458299048925,23.511854978798958,23.52,24.067684828103502,25.318392034794925,26.094785714285713,23.72009
23.52,20.3776368089204,24.056915814286846,23.54211478453022,25.17125964310909,24.412182921119115,23.525,24.236294
62.935,54.99472874544855,59.591696092776154,61.23212215008706,58.93741599484683,60.97192443538157,61.215,61.12559
36.252,44.68754733536711,38.50796547683673,38.212599999999995,38.18728900946426,38.356445814656574,38.212599999999995,38.112617
41.3,41.887091261456995,36.02191852925565,47.14946200104098,37.19147539092079,35.57832688736262,33.4,35.807663
28.47,30.568905858113716,26.64416257285712,27.93538958688205,26.28996325196321,25.379009200841985,22.649714285714282,27.517012
30.88,36.77690833583767,30.782342410864445,30.882,30.899846967957558,31.57777165753937,32.77630769230769,30.882238
33.419,37.261831627712155,41.002124679758154,33.42,35.233901182644765,34.30873067437094,32.811816326530604,33.837345
14.589,16.872540167903285,13.934365202961366,14.59,13.30843148698189,13.101966565416065,13.971333333333334,13.915723
53.72,42.9133455613113,51.352000680908354,53.509946324910516,50.57747910714847,52.55293128341437,51.20044444444446,52.95766
67.114,62.910909374594695,62.02000026531115,63.650666666666666,63.40634822768623,63.04456617208819,62.65533333333334,63.729992
31.35,35.64381160529812,31.241701163006592,31.5296128120225,31.147960077152547,35.6040830080709,32.08336363636364,34.732025
27.221,30.649414452661013,29.52190798823429,27.373592887379775,30.841164864697607,28.443309129552635,31.173250000000003,29.23984
17.34,23.31056966400817,17.148048376461816,17.34,17.725748925822476,16.66906270780361,17.34,16.968544
25.62,28.789315861283683,27.134105908121164,25.626652656188682,22.756158231044687,30.025866333116873,36.81015789473686,25.446213
61.798,60.64702991726498,61.90009037593351,61.8,64.47447608894394,61.4240938717977,66.26633333333332,60.228455
43.582,43.70019987520342,42.32687095224244,41.873939383730246,42.308918804160385,40.79333480585462,40.7658,43.213036
41.369,52.56495644085914,41.416409648656575,41.44062517570678,42.59615586600198,43.50456338271947,41.37,41.29494
23.69,28.39219396622624,25.981069321429516,24.881175712143097,25.523973892348735,27.24190670803075,23.7,26.238762
18.126,20.819382853858382,17.634384653044485,18.13,17.50202603599761,21.294153091474676,22.649714285714282,17.647638
33.02,34.6439522826254,34.28557692671525,33.019,36.80929733481327,34.68429374829632,32.811816326530604,33.85297
17.2,29.959445327476217,16.311681248374995,17.2,16.344521613796893,18.892759629870145,17.2,17.324627
11.852,9.819072821405719,12.939745831099415,11.85,12.005865049599711,13.168072397811672,11.638142857142858,11.841792
25.56,31.571052630346554,25.630207796985374,25.559,27.912741845312475,26.494253976767304,26.471555555555558,25.525259
36.3,39.67192490942099,34.00506543436596,36.301,40.67780865903924,36.066859514346746,36.301,36.044044
50.459,39.11334256240197,50.359576583584214,50.46,50.97618679764496,50.32611042162496,48.3231875,50.32721
20.084,22.55882515909264,19.87528772164653,20.21629018629213,19.802771273995432,23.187830870849087,21.913599999999995,21.646057
24.89,27.988145448230185,26.18664142602826,24.91266662463367,27.314756586788505,25.416095603352183,25.80936363636363,27.023926
17.17,15.080375342332353,16.227375661691973,17.166,14.727864533738092,15.009541292709358,17.166,17.239943
21.18,20.64867862488045,19.186507514663276,21.179,19.389836638824267,21.765633800175323,21.179,20.922327
48.79,46.83379785535518,47.70458109931592,48.794,48.87254546700276,47.79333428373493,48.3231875,49.03849
59.59,64.05883907055738,61.23975488149499,58.60807054577803,58.55849974263696,60.27977519413924,61.856,58.631924
12.73,12.451211665947213,12.614811576046797,12.735,12.537996442099743,13.463133321456274,12.735,12.956405
